causal_snp_index	causal_snp_id	effect
13935	22:42009516:T:C	-0.035213355
7414	22:29998830:C:T	0.05323092
4026	22:23912740:T:C	0.036544405
15631	22:44836152:T:C	0.041273262
3650	22:23302960:C:T	0.0430821
15714	22:44998493:A:G	0.21416476
13077	22:40269841:A:G	-0.0406415
17155	22:47207059:G:C	-0.051224273
15214	22:44152274:G:C	-0.081377275
2561	22:21303797:G:A	0.061597943
1717	22:19564127:A:T	0.11289723
8768	22:32599222:C:T	-0.011394746
10522	22:35698283:G:A	-0.084015645
14706	22:43271596:C:T	-0.082448125
1782	22:19671473:T:G	0.06505928
14342	22:42735807:C:T	0.07432542
9005	22:32961455:G:A	0.054315425
15461	22:44560294:C:CT	-0.06655097
8651	22:32357890:T:C	0.023216132
10005	22:34806714:T:C	0.011668581
18534	22:49176085:T:C	0.02186886
19499	22:50472808:G:A	0.08714288
16789	22:46683115:T:G	0.022359556
1882	22:19834570:T:G	0.06789136
10260	22:35237851:C:T	0.006757907
